<?xml version="1.0" encoding="UTF-8"?>
<widget xmlns="http://www.w3.org/ns/widgets" id="com.example.helloworld" version="1.0.0">
  <name>HelloWorld</name>
  <description>Hello World App</description>
  <author/>
  <access origin="*"/>
  <content src="index.html" />

  <preference name="AllowInlineMediaPlayback" value="false" />
  <preference name="AutoHideSplashScreen" value="true" />
  <preference name="BackupWebStorage" value="cloud" />
  <preference name="DisallowOverscroll" value="true" />
  <preference name="EnableViewportScale" value="false" />
  <preference name="FadeSplashScreen" value="true" />
  <preference name="FadeSplashScreenDuration" value=".25" />
  <preference name="KeyboardDisplayRequiresUserAction" value="true" />
  <preference name="MediaPlaybackRequiresUserAction" value="false" />
  <preference name="ShowSplashScreenSpinner" value="false" />
  <preference name="SuppressesIncrementalRendering" value="false" />
  <preference name="TopActivityIndicator" value="gray" />
  <preference name="GapBetweenPages" value="0" />
  <preference name="PageLength" value="0" />
  <preference name="PaginationBreakingMode" value="page" />
  <preference name="PaginationMode" value="unpaginated" />

  <feature name="LocalStorage">
    <param name="ios-package" value="CDVLocalStorage" />
  </feature>

  <preference name="monaca:targetFamilyiPhone" value="1"/>
  <preference name="monaca:targetFamilyiPad" value="1"/>
  <preference name="monaca:DisableCookie" value="false"/>
</widget>
